fold,accuracy,balanced_accuracy,precision,recall,f1,roc_auc,test_files,test_rows
1,0.9764344262295082,0.8362040043204677,0.9771566783122816,0.9980785067252265,0.9875067897881586,0.9329612346356788,15,3904
2,0.3038461538461538,0.6250369931932525,1.0,0.2500739863865049,0.40009469696969696,0.7723362349603535,14,3640
