,moyenne,ecart_type
accuracy,0.640140290037831,0.33629413619167714
balanced_accuracy,0.7306204987568601,0.10558350556360763
precision,0.9885783391561408,0.011421660843859205
recall,0.6240762465558657,0.3740022601693608
f1,0.6938007433789278,0.2937060464092308
roc_auc,0.8526487347980162,0.08031249983766264
