,precision,recall,f1-score,support
Live_coral,0.7857142857142857,0.75,0.7674418604651163,792.0
Algae,0.7193211488250653,0.6670702179176755,0.6922110552763819,826.0
Substrate_degraded,0.6838790931989924,0.716358839050132,0.6997422680412371,758.0
Other_background,0.5710059171597633,0.6942446043165468,0.6266233766233766,278.0
accuracy,0.7087415222305953,0.7087415222305953,0.7087415222305953,0.7087415222305953
macro avg,0.6899801112245266,0.7069184153210886,0.696504640101528,2654.0
weighted avg,0.7134758782330327,0.7087415222305953,0.7099420584111605,2654.0
