{
  "test_loss": 0.7226335406303406,
  "accuracy": 0.7087415222305953,
  "balanced_accuracy": 0.7069184153210886,
  "macro_precision": 0.6899801112245266,
  "macro_recall": 0.7069184153210886,
  "macro_f1": 0.696504640101528
}