fold,accuracy,balanced_accuracy,precision,recall,f1,roc_auc,test_files,test_rows
1,0.9633709016393442,0.8683303832574517,0.9826254826254827,0.978040076859731,0.9803274178016234,0.9430987681198288,15,3904
2,0.9741758241758242,0.8570458284717757,0.9787234042553191,0.9937851435335898,0.9861967694566813,0.9196332089454927,14,3640
