,moyenne,ecart_type
accuracy,0.9687733629075842,0.005402461268239955
balanced_accuracy,0.8626881058646136,0.005642277392838013
precision,0.9806744434404009,0.001951039185081771
recall,0.9859126101966604,0.007872533336929388
f1,0.9832620936291523,0.0029346758275289875
roc_auc,0.9313659885326608,0.011732779587168063
