model,accuracy,balanced_accuracy,precision,recall,f1,roc_auc
MLP,0.9896907216494846,0.9835159362549801,0.9512195121951219,0.975,0.9629629629629629,0.999800796812749
XGBoost,0.9965635738831615,0.99800796812749,0.975609756097561,1.0,0.9876543209876543,1.0
